from	to
b39b6ab2d93328a96efeea19175d95d833ba378d	13006e447608bb62383d1d59bb11a93e957be7cf
20313af216272eff3285cdc0be862fa9ae3a0ca3	f02ea45d3f350f5bca63fa13908ac39ae2cc2180
45acf8f7a8232ee4cee6294de58075c1565d4df3	9d4fd64feb016eab2ee450703f4efc1b2eb14deb
74a1f6d983fd69a9c3974c1c9ae831026615c707	7a65a5ca6e241f7df9cd66113245c9cf41d9b60f
a5f4ed518286ed614fe317c95d8a287a94c923c9	726849ba03d72b5c4f58da88e4709df4a461ca01
ab80312f79209409b638b261c61fe73070d12818	cfafc6bdd1b92e510d5409ee460bb1a712165aa8
b8e36e5f926ee4928ce564050148c902f7cb782b	a4bc74b650241ae2f90225b5789d687c2e26b440
0bacb8024f58add1b22641a791d47aa9eb752acf	13006e447608bb62383d1d59bb11a93e957be7cf
7c4e5fcd974702c7a4f23f9782dbd80a63638216	13006e447608bb62383d1d59bb11a93e957be7cf
d8af7e871b20c6a84d78ef458bbc252d39802104	0b63d2376418700db73abce955b3cf03a352a310
eeb77a24dc66658223cddba668b72e812f3fde67	aa41ca850323660e85af507548449f3aba2b5a19
75f9af7483ef01635a6b80ec1b1f51c2024e22c8	13006e447608bb62383d1d59bb11a93e957be7cf
e468a9e3d1fc6983d6aea9266d99a5daeebac58a	13006e447608bb62383d1d59bb11a93e957be7cf
8b87d5d4ccabc26a99d44bec19c5f25f0a0d6019	13006e447608bb62383d1d59bb11a93e957be7cf
367dab908cdd0058f51a26dd107f9c41549f51c2	776e273eef19cf80c1ea17b193fc86c3b581995a
571eb3b3818d6360c3832a5d6ebafcd8c266b7ce	5ad4ac94bc8e4e1b80ae74db25727900fe68e87d
c4c04add0fe21ecc4f186893bfc714da0cfd5ac3	13006e447608bb62383d1d59bb11a93e957be7cf
9ea5c73eef6fe5b1df238930c5a3b8dd82ff1422	13006e447608bb62383d1d59bb11a93e957be7cf
6706a45d13685950308eff93b45d1a4ebb054f84	13006e447608bb62383d1d59bb11a93e957be7cf
57cea99437a5e01eabb137134f1ced8bdba974f8	13006e447608bb62383d1d59bb11a93e957be7cf
d30ebe002f4e8d27b4121a9229fdbc9d069aad86	13006e447608bb62383d1d59bb11a93e957be7cf
fc23dd69b6968c8623db910984886c94cc2236aa	13006e447608bb62383d1d59bb11a93e957be7cf
08b804864e367416924775cb96c3d7ba40cc81f6	0050ee455720cc8baba740a622311f8f2d8ac0aa
29984aadadb3927fb8c0cf5a539a282f39066332	62a90760c7ce5cbadbb64188ad075e9a52518d41
5ed8b5b1bcac0adb3205a779a70b7e6cc285c2bb	62a90760c7ce5cbadbb64188ad075e9a52518d41
67cd91fa3f9bbd96c7f5fc59a54b1b85a4c3a50b	aa41ca850323660e85af507548449f3aba2b5a19
b27a34dd7abcb8133503c989d0c95be1cd1ad34a	2cf21faa2d4e3f5c6517def04e1b3912da22d5ec
cef46057e46a9b73f77ca048f7fd511234525c39	08ff7150cdeb62a81418ebe0f1125faea3044ade
37ed9424465f9ff2f6a012e688de8735cb9e2afb	13006e447608bb62383d1d59bb11a93e957be7cf
5fae2734cd11029d8bccbcdc3752bf0299c0934c	13006e447608bb62383d1d59bb11a93e957be7cf
3aead7ef230851487173f944a4fa1a7b4ec6da7f	13006e447608bb62383d1d59bb11a93e957be7cf
4f6e412580e7a93a104836d596f8d6c8be0ef431	ca30d150b590826a4633a5f99e05ad6571f9bb66
af5f9d8e61b37777d67e9647c1815e79c599d4c4	62a90760c7ce5cbadbb64188ad075e9a52518d41
1ddb4e46810806b5fbf67ac69b84ca48b8cbed1f	13006e447608bb62383d1d59bb11a93e957be7cf
944991724cfa9e218f73ba03608913da9a21f9b7	971561f9ab29acbd6d1dc7b17f0bb6c386ad311b
c2d42368d94e2d5d82f3b05a06ec53ebfb81ce0f	f304a4229561aeba13425710acf1f46c9f24f1eb
1d9903f7b14f6e12a278bb2e83f51bd9429ab482	13006e447608bb62383d1d59bb11a93e957be7cf
ca787cdb322df3ad5b9e230baba8346f1bf8fe8b	13006e447608bb62383d1d59bb11a93e957be7cf
553bcf02058310ef1ac91a1588ea114c436eafaa	13006e447608bb62383d1d59bb11a93e957be7cf
06a45f4a92fa07e93b314790ee03bb754f5da628	14727c710ba8ef84481b03d718c92812bfcb6058
411fa6e02e08d0dd0db3b9167f8c349039288954	a53a6fe2d8ad977ad926c485343ba39f32d3a3f6
6161a36b7bd4d469a11803535816aac9829ad5cc	f304a4229561aeba13425710acf1f46c9f24f1eb
9501a0da5ac0671b6744d1c951863ac2b794d282	71955e1b30e2b0585188466f1b241b6004d75dc4
f39ac5187ef76203fe800f0beda87a148561b341	5c6c197c27d5bf73929e1aba7d451bbdf53e6ce8
af1bec9b5a0a35199529e8b8e7bc5b74c9bfd252	13006e447608bb62383d1d59bb11a93e957be7cf
2cb72bc8176e6056f5090bdf5f6497acab327a5f	13006e447608bb62383d1d59bb11a93e957be7cf
c8d12601f8680ef2408dd4fd17c008817dbc36e0	13006e447608bb62383d1d59bb11a93e957be7cf
2ec75fd873860151eeeec4da50e9594bd168ef98	13006e447608bb62383d1d59bb11a93e957be7cf
29cada9320a4d068d1f4651b9ac0aa10745317ff	4ff2fa3a8ea8a12dd54e2ca0eaf02da785c660ef
34edb2ee25751ee67f68a45813b22811687c0238	4b91827516f79d6f6a1f292ed99671663b09169a
b5f1c25b24be33dc3b67274f0ad0b81c3e38606f	a3cda4cb624a1fc093ea9486bbd47aa9a8774b08
e64d3d794e309d91b2b7ef4ae941cbe713a72d3a	ee77a176baea6c8239fef04a6dea02027933f416
8682982ad244efc789dc60eeb6a4823fd883319a	13006e447608bb62383d1d59bb11a93e957be7cf
0921381ffbeac9f5c516762e6e5dd9606682e0b1	a3cda4cb624a1fc093ea9486bbd47aa9a8774b08
4dc0bf9b18f9c550786a67ef42569d6337c4e78c	d4f962494c3f70244bf3dd3a2c55132da56da880
6b5de3b71f927fb3988f3ae8254ccc2bf6b20b14	3af2189c656890d55701ed290b532885844eea5f
8cbe11227b437c842fc4c93402d5088dc8044137	12227dfe5363cbe55919e230653810de0ff317e2
5ed21077adef79628516b7628839c0cd2b44ca5f	13006e447608bb62383d1d59bb11a93e957be7cf
c407e117738f1f7002105262e4e625cb8ba6e1da	13006e447608bb62383d1d59bb11a93e957be7cf
e20b1678ae31e02a1b16693852328c77a4913b72	0cdb34e6a4d635142bb92fe403d38f636bbb77b8
6e809aadf0e4686322d53c611e9facf9cfb0f636	13006e447608bb62383d1d59bb11a93e957be7cf
7bf6945430017aefea7dd0cd450382aae01220f5	13006e447608bb62383d1d59bb11a93e957be7cf
45345ea372e3da5753684b546682ba035a3f7cec	13006e447608bb62383d1d59bb11a93e957be7cf
1d3f689dea4105029ebb8e8f6cad3a6efbf43fd0	13006e447608bb62383d1d59bb11a93e957be7cf
4685db8bf2df743c861d71e6cfb5347222992076	4b91827516f79d6f6a1f292ed99671663b09169a
537a684be8f528172a68c987c15ff45a4c82ebb2	c316e05be8c3b688c0276be3149010391e8a58e6
a456c36582ad81ca6091dd78e0c97ba309ff11e9	02b97fec5023f321865155304c71aa0c3db25d29
e58447a964cf024d4937f53c884e4e6fc4a0514f	342433010665645177648141e12efc3138625cb0
e98538a0e8c2871c2482e1be8cc6bd9f8e8ffd63	4b91827516f79d6f6a1f292ed99671663b09169a
1c4eda5e2be9055126b9833db4ea99a30822f751	13006e447608bb62383d1d59bb11a93e957be7cf
c1659aaad93c1dcc4cc62d5d0c9f0e0da6229536	13006e447608bb62383d1d59bb11a93e957be7cf
f2415cdb4a4a45af77d7dd77154a245f37cdc449	13006e447608bb62383d1d59bb11a93e957be7cf
19c4016b667f8f049a6d0b93855141dab341f44d	86ac462eb1524efd9652e5833f844232da3ddde5
21979d8e139cf5344f9a6858196126b9b6d96d88	5b3ef7ed14ab4a240b8290d86a5b1e662e1d618c
5bbe36152d3cd3eb7183a82470b39b29eedf068b	d2fd442a68cc17a967e31b4712df110a6d0ff513
7dc028d840923ecfa8a1c088700e474e3214b52f	f4cbb755be3c9eec013f67dbc1896efccbefcd2a
9e7dba478ff82243d07bc88a74319c0e35c802b1	f95aa110636f466ddec95598e6c661b921243665
fea4e5869b38815533044fa08baafcb87354e66f	46fe7ee7c4e15406ae79e09b7087a61ba1725ba2
f97365034279d638d0094edc638075096bcbf373	13006e447608bb62383d1d59bb11a93e957be7cf
ec730ca6e0555626bfc641c8465d2b5335f41c89	13006e447608bb62383d1d59bb11a93e957be7cf
5071e29f49f9b008267d2ed76d54b32d91695cde	3202b5b0602274197ccb22b8c02cec9539990c7c
525c9c957f6b5796d0521b5c04313a8466e2a4c1	776e273eef19cf80c1ea17b193fc86c3b581995a
737483bc858d6bb66962e27a4bd8612cca818d37	e86a0f19e06146d1c30bb37607d549077b3541b2
87393be8ac323f2e63520a6184e5a8a9cc9fc051	36e655069464be6202e0e4d5ee9f76034c0ad9b6
3b3bca3d0296f3e3a2a10197bdb8515ddf59f2eb	13006e447608bb62383d1d59bb11a93e957be7cf
306b5c7475b97bf6df43dfed00a268e5ddcae75e	13006e447608bb62383d1d59bb11a93e957be7cf
b962865acc35256db89edf5c25da1988326f939d	13006e447608bb62383d1d59bb11a93e957be7cf
81a97753bfb5c7abb0c010d0818525a04c00507d	d5b237276090ff3a45338c8e2b3585183101fca0
88f9518919f051f0845a34b793897a941d84d43a	ae38e358f871aae431a74c82e53fe81e0a13deb9
bb1ec617b78c37cbcee70db445c608551e8f2564	5b3ef7ed14ab4a240b8290d86a5b1e662e1d618c
df8f9a7f1f8eb645dc3c95354d2c909c2fdaf0e3	0cdb34e6a4d635142bb92fe403d38f636bbb77b8
171fe286746d863ec0d31090689a8f9ad52a8ebe	776e273eef19cf80c1ea17b193fc86c3b581995a
18169ee0ced9aa744f3cd01adc6e2eb2e8fb0087	5de069482ac1db318082477b7b87d59dfb313f91
5b2b6a36ed514eb02aa8c61e18ea75a5b4520159	a3594a4bd05bbefb213ba88e3b969207365d9e81
772b4fb7c9c221be324df548b295ccfaecd9941b	aa41ca850323660e85af507548449f3aba2b5a19
4c46fecc566a196cd3196d19899d9a9d73df5b56	13006e447608bb62383d1d59bb11a93e957be7cf
36c930feceb25dc4418438d171c4a4dbf6712896	13006e447608bb62383d1d59bb11a93e957be7cf
dd10e17afa24bd6ed9cf8650c631c5df8e7fa290	13006e447608bb62383d1d59bb11a93e957be7cf
